INSERT INTO MODEL (NAME, DESCRIPTION, MAINTENANCE_PERIOD) VALUES ('Model M', 'The moon vehicle, used to ride on the surface of the moon.', 4);
INSERT INTO MODEL (NAME, DESCRIPTION, MAINTENANCE_PERIOD) VALUES ('Model U', 'The undersea vehicle, used as a personal submarine.', 8);
INSERT INTO MODEL (NAME, DESCRIPTION, MAINTENANCE_PERIOD) VALUES ('Model S', 'The spacecraft, used for space travel.', 10);
INSERT INTO MODEL (NAME, DESCRIPTION, MAINTENANCE_PERIOD) VALUES ('Model K', 'The small electric vehicle for use on the surface of the earth.', 1);

INSERT INTO ADDRESS (GALAXY, PLANET, COUNTRY, STATE, CITY, STREET) VALUES ('Milky Way', 'Earth', 'United States', 'IL', 'Round Lake', '978C Golf Street');
INSERT INTO ADDRESS (GALAXY, PLANET, COUNTRY, STATE, CITY, STREET) VALUES ('Milky Way', 'Earth', 'United States', 'NY', 'Amsterdam', '589 Greystone Street');
INSERT INTO ADDRESS (GALAXY, PLANET, COUNTRY, STATE, CITY, STREET) VALUES ('Milky Way', 'Earth', 'United States', 'TX', 'Euless', '21 Saxon Lane');
INSERT INTO ADDRESS (GALAXY, PLANET, COUNTRY, STATE, CITY, STREET) VALUES ('Milky Way', 'Earth', 'United States', 'NJ', 'Atlantic City', '2 N. Orange Street');

INSERT INTO PAYMENT (PAYMENT_TYPE, CARD_NUM, CVV) VALUES ('CREDIT', 4532286739494908, 86);

-- PASSWORD 123456
INSERT INTO "USER" (NAME, EMAIL, PASSWORD, TYPE, USER_ADDRESS_ID, USER_PAYMENT_ID) VALUES ('user', 'user@alset.com','4QrcOUm6Wau+VuBX8g+IPg==', 'CUSTOMER', 2, 1);
INSERT INTO "USER" (NAME, EMAIL, PASSWORD, TYPE) VALUES ('manager', 'manager@alset.com','4QrcOUm6Wau+VuBX8g+IPg==', 'MANAGER');
INSERT INTO "USER" (NAME, EMAIL, PASSWORD, TYPE) VALUES ('admin', 'admin@alset.com','4QrcOUm6Wau+VuBX8g+IPg==', 'ADMINISTRATOR');

INSERT INTO SERVICE_LOCATION (NAME, SERVICE_ADDRESS_ID, MANAGER_USER_ID) VALUES ('Hammer Productions', 1, 2);

INSERT INTO SERVICE_SUPPORTS (SERVICE_LOCATION_ID, MODEL_NAME) VALUES (1, 'Model U');
INSERT INTO SERVICE_SUPPORTS (SERVICE_LOCATION_ID, MODEL_NAME) VALUES (1, 'Model K');
INSERT INTO SERVICE_SUPPORTS (SERVICE_LOCATION_ID, MODEL_NAME) VALUES (1, 'Model S');
INSERT INTO SERVICE_SUPPORTS (SERVICE_LOCATION_ID, MODEL_NAME) VALUES (1, 'Model M');


INSERT INTO SKU (MODEL_NAME, NAME, PRICE, RESELL_PRICE, REPAIR_PRICE) VALUES ('Model U', 'Standard U', 50000.00, 40000.00, 2000.00);
INSERT INTO SKU (MODEL_NAME, NAME, PRICE, RESELL_PRICE, REPAIR_PRICE) VALUES ('Model K', 'Standard K', 4000.00, 3200.00, 400.00);
INSERT INTO SKU (MODEL_NAME, NAME, PRICE, RESELL_PRICE, REPAIR_PRICE) VALUES ('Model M', 'Standard M', 80000.00, 50000.00, 40000.00);
INSERT INTO SKU (MODEL_NAME, NAME, PRICE, RESELL_PRICE, REPAIR_PRICE) VALUES ('Model S', 'Standard S', 400.00, 320.00, 40.00);

INSERT INTO VEHICLE_CONFIG (CONFIG, DESCRIPTION) VALUES ('AUTO_PILOT', 'Autopilot is a system used to control the vehicle without human.');
INSERT INTO VEHICLE_CONFIG (CONFIG, DESCRIPTION) VALUES ('EJECTOR_SEAT', 'Ejector seat is a system designed to rescue the pilot in an emergency');
INSERT INTO VEHICLE_CONFIG (CONFIG, DESCRIPTION) VALUES ('HI_RES_AUDIO', 'High-Resolution Audio.');

INSERT INTO SKU_INCLUDES (SKU_ID, CONFIG) VALUES (1, 'AUTO_PILOT');
INSERT INTO SKU_INCLUDES (SKU_ID, CONFIG) VALUES (1, 'EJECTOR_SEAT');
INSERT INTO SKU_INCLUDES (SKU_ID, CONFIG) VALUES (2, 'HI_RES_AUDIO');
INSERT INTO SKU_INCLUDES (SKU_ID, CONFIG) VALUES (3, 'HI_RES_AUDIO');
INSERT INTO SKU_INCLUDES (SKU_ID, CONFIG) VALUES (4, 'HI_RES_AUDIO');

INSERT INTO VEHICLE (SKU_ID, STATUS, USED) VALUES (1, 'SHOW', 1);
INSERT INTO VEHICLE (SKU_ID, STATUS, USED) VALUES (1, 'SELLING', 1);

INSERT INTO VEHICLE_SHOWS (VEHICLE_ID, LOCATION_ID) VALUES (1, 1);
INSERT INTO VEHICLE_STOCK (VEHICLE_ID, LOCATION_ID) VALUES (1, 1);